Sort ID,Municipality,numbered,Per Capita Income,Population_Range,PercentOfState
1,"NEW CANAAN",9.1000000000000000e+01,82049.0000,"10,000 to 30,000",2.8522908989779601e+00
2,"DARIEN",3.5000000000000000e+01,77519.0000,"10,000 to 30,000",2.6948133212820693e+00
3,"WESTON",1.5800000000000000e+02,74817.0000,"0 to 10,000",2.6008829868594869e+00
4,"GREENWICH",5.7000000000000000e+01,74346.0000,"30,000 to 70,000",2.5845094903705763e+00
5,"WESTPORT",1.5900000000000000e+02,73664.0000,"10,000 to 30,000",2.5608009455607315e+00
6,"WILTON",1.6200000000000000e+02,65806.0000,"10,000 to 30,000",2.2876312313147467e+00
7,"ROXBURY",1.2100000000000000e+02,56769.0000,"0 to 10,000",1.9734756309532087e+00
8,"EASTON",4.7000000000000000e+01,53885.0000,"0 to 10,000",1.8732183828130431e+00
9,"RIDGEFIELD",1.1900000000000000e+02,51795.0000,"10,000 to 30,000",1.8005631648473892e+00
10,"AVON",4.0000000000000000e+00,51706.0000,"10,000 to 30,000",1.7974692345129668e+00
11,"REDDING",1.1800000000000000e+02,50687.0000,"0 to 10,000",1.7620454703469373e+00
12,"WOODBRIDGE",1.6800000000000000e+02,49049.0000,"0 to 10,000",1.7051032468886880e+00
13,"SHARON",1.2600000000000000e+02,45418.0000,"0 to 10,000",1.5788778418966836e+00
14,"FAIRFIELD",5.1000000000000000e+01,43670.0000,"30,000 to 70,000",1.5181116595981368e+00
15,"LYME",7.6000000000000000e+01,43347.0000,"0 to 10,000",1.5068831259125357e+00
16,"ESSEX",5.0000000000000000e+01,42806.0000,"0 to 10,000",1.4880762010707085e+00
17,"BRIDGEWATER",1.6000000000000000e+01,42505.0000,"0 to 10,000",1.4776124591531670e+00
18,"CORNWALL",3.1000000000000000e+01,42484.0000,"0 to 10,000",1.4768824306472919e+00
19,"OLD LYME",1.0600000000000000e+02,41386.0000,"0 to 10,000",1.4387123687686854e+00
20,"GLASTONBURY",5.4000000000000000e+01,40820.0000,"10,000 to 30,000",1.4190363623722451e+00
21,"MADISON",7.7000000000000000e+01,40537.0000,"10,000 to 30,000",1.4091983591740249e+00
22,"SIMSBURY",1.2900000000000000e+02,39710.0000,"10,000 to 30,000",1.3804491413474240e+00
23,"FARMINGTON",5.2000000000000000e+01,39102.0000,"10,000 to 30,000",1.3593130779392337e+00
24,"SHERMAN",1.2800000000000000e+02,39070.0000,"0 to 10,000",1.3582006535493292e+00
25,"SALISBURY",1.2300000000000000e+02,38752.0000,"0 to 10,000",1.3471459361746507e+00
26,"KENT",6.9000000000000000e+01,38674.0000,"0 to 10,000",1.3444344017242578e+00
27,"WOODBURY",1.6900000000000000e+02,37903.0000,"0 to 10,000",1.3176319265799903e+00
28,"NEWTOWN",9.8000000000000000e+01,37786.0000,"10,000 to 30,000",1.3135646249044011e+00
29,"WASHINGTON",1.5100000000000000e+02,37215.0000,"0 to 10,000",1.2937148021970382e+00
30,"GUILFORD",6.1000000000000000e+01,37161.0000,"10,000 to 30,000",1.2918375860390738e+00
31,"BROOKFIELD",1.8000000000000000e+01,37063.0000,"10,000 to 30,000",1.2884307863449906e+00
32,"WARREN",1.5000000000000000e+02,36801.0000,"0 to 10,000",1.2793228116526454e+00
33,"ORANGE",1.0800000000000000e+02,36471.0000,"10,000 to 30,000",1.2678509351317528e+00
34,"BURLINGTON",2.0000000000000000e+01,36173.0000,"0 to 10,000",1.2574914830007649e+00
35,"CANAAN",2.1000000000000000e+01,35841.0000,"0 to 10,000",1.2459500799555030e+00
36,"MARLBOROUGH",8.0000000000000000e+01,35605.0000,"0 to 10,000",1.2377459500799555e+00
37,"STAMFORD",1.3600000000000000e+02,34987.0000,"70,000 & Up",1.2162622540499199e+00
38,"TRUMBULL",1.4500000000000000e+02,34931.0000,"30,000 to 70,000",1.2143155113675868e+00
39,"NEW FAIRFIELD",9.2000000000000000e+01,34928.0000,"10,000 to 30,000",1.2142112215810332e+00
40,"MONROE",8.6000000000000000e+01,34161.0000,"10,000 to 30,000",1.1875477994855037e+00
41,"NORFOLK",9.9000000000000000e+01,34020.0000,"0 to 10,000",1.1826461795174859e+00
42,"GOSHEN",5.5000000000000000e+01,33925.0000,"0 to 10,000",1.1793436696099562e+00
43,"CHESHIRE",2.5000000000000000e+01,33903.0000,"10,000 to 30,000",1.1785788778418966e+00
44,"GRANBY",5.6000000000000000e+01,33863.0000,"0 to 10,000",1.1771883473545157e+00
45,"WEST HARTFORD",1.5500000000000000e+02,33468.0000,"30,000 to 70,000",1.1634568587916290e+00
46,"CANTON",2.3000000000000000e+01,33151.0000,"0 to 10,000",1.1524369046791352e+00
47,"MIDDLEBURY",8.2000000000000000e+01,33056.0000,"0 to 10,000",1.1491343947716053e+00
48,"DEEP RIVER",3.6000000000000000e+01,32604.0000,"0 to 10,000",1.1334214002642007e+00
49,"SOUTHBURY",1.3200000000000000e+02,32545.0000,"10,000 to 30,000",1.1313703677953140e+00
50,"BRANFORD",1.4000000000000000e+01,32301.0000,"10,000 to 30,000",1.1228881318222903e+00
51,"CHESTER",2.6000000000000000e+01,32191.0000,"0 to 10,000",1.1190641729819926e+00
52,"HARWINTON",6.7000000000000000e+01,32137.0000,"0 to 10,000",1.1171869568240285e+00
53,"KILLINGWORTH",7.1000000000000000e+01,31929.0000,"0 to 10,000",1.1099561982896475e+00
54,"NORWALK",1.0400000000000000e+02,31781.0000,"70,000 & Up",1.1048112354863380e+00
55,"BETHANY",8.0000000000000000e+00,31403.0000,"0 to 10,000",1.0916707223805882e+00
56,"SOUTH WINDSOR",1.3100000000000000e+02,30966.0000,"10,000 to 30,000",1.0764791768059514e+00
57,"EAST GRANBY",3.9000000000000000e+01,30805.0000,"0 to 10,000",1.0708822915942433e+00
58,"HEBRON",6.8000000000000000e+01,30797.0000,"0 to 10,000",1.0706041854967669e+00
59,"OLD SAYBROOK",1.0700000000000000e+02,30720.0000,"0 to 10,000",1.0679274143085586e+00
60,"HADDAM",6.2000000000000000e+01,30519.0000,"0 to 10,000",1.0609399986094694e+00
61,"NEW HARTFORD",9.3000000000000000e+01,30429.0000,"0 to 10,000",1.0578113050128624e+00
62,"ANDOVER",1.0000000000000000e+00,30273.0000,"0 to 10,000",1.0523882361120767e+00
63,"LITCHFIELD",7.5000000000000000e+01,30096.0000,"0 to 10,000",1.0462351387054161e+00
64,"NORTH HAVEN",1.0200000000000000e+02,29919.0000,"10,000 to 30,000",1.0400820412987555e+00
65,"SHELTON",1.2700000000000000e+02,29893.0000,"30,000 to 70,000",1.0391781964819580e+00
66,"TOLLAND",1.4300000000000000e+02,29892.0000,"10,000 to 30,000",1.0391434332197733e+00
67,"COLEBROOK",2.9000000000000000e+01,29789.0000,"0 to 10,000",1.0355628172147675e+00
68,"CROMWELL",3.3000000000000000e+01,29786.0000,"10,000 to 30,000",1.0354585274282138e+00
69,"ROCKY HILL",1.2000000000000000e+02,29701.0000,"10,000 to 30,000",1.0325036501425293e+00
70,"BETHLEHEM",1.0000000000000000e+01,29672.0000,"0 to 10,000",1.0314955155391783e+00
71,"STONINGTON",1.3800000000000000e+02,29653.0000,"10,000 to 30,000",1.0308350135576723e+00
72,"NEW MILFORD",9.6000000000000000e+01,29630.0000,"10,000 to 30,000",1.0300354585274283e+00
73,"COLUMBIA",3.0000000000000000e+01,29446.0000,"0 to 10,000",1.0236390182854760e+00
74,"DURHAM",3.8000000000000000e+01,29306.0000,"0 to 10,000",1.0187721615796426e+00
75,"MORRIS",8.8000000000000000e+01,29233.0000,"0 to 10,000",1.0162344434401724e+00
76,"BOLTON",1.2000000000000000e+01,29205.0000,"0 to 10,000",1.0152610720990058e+00
77,"BARKHAMSTED",5.0000000000000000e+00,28961.0000,"0 to 10,000",1.0067788361259820e+00
78,"WETHERSFIELD",1.6000000000000000e+02,28930.0000,"10,000 to 30,000",1.0057011749982618e+00
79,"BETHEL",9.0000000000000000e+00,28927.0000,"10,000 to 30,000",1.0055968852117083e+00
80,"MILFORD",8.5000000000000000e+01,28882.0000,"30,000 to 70,000",1.0040325384134048e+00
81,"BLOOMFIELD",1.1000000000000000e+01,28843.0000,"10,000 to 30,000",1.0026767711882083e+00
82,"EAST LYME",4.4000000000000000e+01,28765.0000,"10,000 to 30,000",9.9996523673781545e-01
83,"WESTBROOK",1.5700000000000000e+02,28680.0000,"0 to 10,000",9.9701035945213101e-01
84,"NORTH BRANFORD",1.0000000000000000e+02,28542.0000,"10,000 to 30,000",9.9221302927066679e-01
85,"OXFORD",1.0900000000000000e+02,28250.0000,"0 to 10,000",9.8206215671278596e-01
86,"PORTLAND",1.1400000000000000e+02,28229.0000,"0 to 10,000",9.8133212820691096e-01
87,"SUFFIELD",1.4000000000000000e+02,28171.0000,"10,000 to 30,000",9.7931585900020857e-01
88,"EAST HADDAM",4.0000000000000000e+01,28112.0000,"0 to 10,000",9.7726482653132174e-01
89,"UNION",1.4600000000000000e+02,27900.0000,"0 to 10,000",9.6989501494820274e-01
90,"ELLINGTON",4.8000000000000000e+01,27766.0000,"10,000 to 30,000",9.6523673781547659e-01
91,"BERLIN",7.0000000000000000e+00,27744.0000,"10,000 to 30,000",9.6447194604741704e-01
92,"WINDSOR",1.6500000000000000e+02,27633.0000,"10,000 to 30,000",9.6061322394493498e-01
93,"SALEM",1.2200000000000000e+02,27288.0000,"0 to 10,000",9.4861989849127437e-01
94,"COVENTRY",3.2000000000000000e+01,27143.0000,"10,000 to 30,000",9.4357922547451856e-01
95,"WILLINGTON",1.6100000000000000e+02,27062.0000,"0 to 10,000",9.4076340123757218e-01
96,"COLCHESTER",2.8000000000000000e+01,27038.0000,"10,000 to 30,000",9.3992908294514355e-01
97,"NEWINGTON",9.7000000000000000e+01,26881.0000,"10,000 to 30,000",9.3447125078217341e-01
98,"PROSPECT",1.1600000000000000e+02,26827.0000,"0 to 10,000",9.3259403462420909e-01
99,"WATERFORD",1.5300000000000000e+02,26807.0000,"10,000 to 30,000",9.3189876938051863e-01
100,"BOZRAH",1.3000000000000000e+01,26569.0000,"0 to 10,000",9.2362511298060213e-01
101,"STRATFORD",1.3900000000000000e+02,26501.0000,"30,000 to 70,000",9.2126121115205450e-01
102,"HARTLAND",6.6000000000000000e+01,26473.0000,"0 to 10,000",9.2028783981088791e-01
103,"SOUTHINGTON",1.3300000000000000e+02,26370.0000,"30,000 to 70,000",9.1670722380588199e-01
104,"ASHFORD",3.0000000000000000e+00,26104.0000,"0 to 10,000",9.0746019606479877e-01
105,"CLINTON",2.7000000000000000e+01,26080.0000,"10,000 to 30,000",9.0662587777237014e-01
106,"WATERTOWN",1.5400000000000000e+02,26044.0000,"10,000 to 30,000",9.0537440033372729e-01
107,"HAMDEN",6.3000000000000000e+01,26039.0000,"30,000 to 70,000",9.0520058402280468e-01
108,"POMFRET",1.1300000000000000e+02,26029.0000,"0 to 10,000",9.0485295140095945e-01
109,"MANCHESTER",7.8000000000000000e+01,25989.0000,"30,000 to 70,000",9.0346242091357853e-01
110,"WALLINGFORD",1.4900000000000000e+02,25947.0000,"30,000 to 70,000",9.0200236390182853e-01
111,"NORTH STONINGTON",1.0300000000000000e+02,25815.0000,"0 to 10,000",8.9741361329347147e-01
112,"LEBANON",7.2000000000000000e+01,25784.0000,"0 to 10,000",8.9633595216575124e-01
113,"MIDDLETOWN",8.4000000000000000e+01,25720.0000,"30,000 to 70,000",8.9411110338594169e-01
114,"MIDDLEFIELD",8.3000000000000000e+01,25711.0000,"0 to 10,000",8.9379823402628100e-01
115,"FRANKLIN",5.3000000000000000e+01,25477.0000,"0 to 10,000",8.8566363067510256e-01
116,"EASTFORD",4.6000000000000000e+01,25364.0000,"0 to 10,000",8.8173538204825141e-01
117,"HAMPTON",6.4000000000000000e+01,25344.0000,"0 to 10,000",8.8104011680456096e-01
118,"WOODSTOCK",1.7000000000000000e+02,25331.0000,"0 to 10,000",8.8058819439616209e-01
119,"BEACON FALLS",6.0000000000000000e+00,25285.0000,"0 to 10,000",8.7898908433567402e-01
120,"VERNON",1.4700000000000000e+02,25150.0000,"10,000 to 30,000",8.7429604394076343e-01
121,"WOLCOTT",1.6700000000000000e+02,25018.0000,"10,000 to 30,000",8.6970729333240626e-01
122,"LEDYARD",7.3000000000000000e+01,24953.0000,"10,000 to 30,000",8.6744768129041228e-01
123,"EAST WINDSOR",4.5000000000000000e+01,24899.0000,"0 to 10,000",8.6557046513244806e-01
124,"THOMASTON",1.4100000000000000e+02,24799.0000,"0 to 10,000",8.6209413891399567e-01
125,"PRESTON",1.1500000000000000e+02,24752.0000,"0 to 10,000",8.6046026559132305e-01
126,"DANBURY",3.4000000000000000e+01,24500.0000,"30,000 to 70,000",8.5169992352082324e-01
127,"SEYMOUR",1.2500000000000000e+02,24056.0000,"10,000 to 30,000",8.3626503511089478e-01
128,"GROTON",5.9000000000000000e+01,23995.0000,"30,000 to 70,000",8.3414447611763887e-01
129,"SOMERS",1.3000000000000000e+02,23952.0000,"0 to 10,000",8.3264965584370443e-01
130,"VOLUNTOWN",1.4800000000000000e+02,23707.0000,"0 to 10,000",8.2413265660849611e-01
131,"BRISTOL",1.7000000000000000e+01,23362.0000,"30,000 to 70,000",8.1213933115483561e-01
132,"PLAINVILLE",1.1100000000000000e+02,23257.0000,"10,000 to 30,000",8.0848918862546060e-01
133,"PLYMOUTH",1.1200000000000000e+02,23244.0000,"10,000 to 30,000",8.0803726621706184e-01
134,"DERBY",3.7000000000000000e+01,23117.0000,"10,000 to 30,000",8.0362233191962729e-01
135,"WINDSOR LOCKS",1.6600000000000000e+02,23079.0000,"10,000 to 30,000",8.0230132795661546e-01
136,"EAST HAMPTON",4.1000000000000000e+01,22769.0000,"10,000 to 30,000",7.9152471667941315e-01
137,"NAUGATUCK",8.9000000000000000e+01,22757.0000,"30,000 to 70,000",7.9110755753319895e-01
138,"WINCHESTER",1.6300000000000000e+02,22589.0000,"10,000 to 30,000",7.8526732948619904e-01
139,"SCOTLAND",1.2400000000000000e+02,22573.0000,"0 to 10,000",7.8471111729124665e-01
140,"LISBON",7.4000000000000000e+01,22476.0000,"0 to 10,000",7.8133908085934789e-01
141,"EAST HAVEN",4.3000000000000000e+01,22396.0000,"10,000 to 30,000",7.7855801988458595e-01
142,"MONTVILLE",8.7000000000000000e+01,22357.0000,"10,000 to 30,000",7.7720225265938958e-01
143,"CANTERBURY",2.2000000000000000e+01,22317.0000,"0 to 10,000",7.7581172217200867e-01
144,"CHAPLIN",2.4000000000000000e+01,22101.0000,"0 to 10,000",7.6830285754015160e-01
145,"STAFFORD",1.3500000000000000e+02,22017.0000,"10,000 to 30,000",7.6538274351665159e-01
146,"ENFIELD",4.9000000000000000e+01,21967.0000,"30,000 to 70,000",7.6364458040742544e-01
147,"EAST HARTFORD",4.2000000000000000e+01,21763.0000,"30,000 to 70,000",7.5655287492178269e-01
148,"TORRINGTON",1.4400000000000000e+02,21406.0000,"30,000 to 70,000",7.4414239032190777e-01
149,"GRISWOLD",5.8000000000000000e+01,21196.0000,"10,000 to 30,000",7.3684210526315785e-01
150,"WEST HAVEN",1.5600000000000000e+02,21121.0000,"30,000 to 70,000",7.3423486059931864e-01
151,"THOMPSON",1.4200000000000000e+02,21003.0000,"0 to 10,000",7.3013279566154488e-01
152,"SPRAGUE",1.3400000000000000e+02,20796.0000,"0 to 10,000",7.2293680038934849e-01
153,"NORWICH",1.0500000000000000e+02,20742.0000,"30,000 to 70,000",7.2105958423138428e-01
154,"MERIDEN",8.1000000000000000e+01,20597.0000,"30,000 to 70,000",7.1601891121462835e-01
155,"PUTNAM",1.1700000000000000e+02,20597.0000,"0 to 10,000",7.1601891121462835e-01
156,"ANSONIA",2.0000000000000000e+00,20504.0000,"10,000 to 30,000",7.1278592783146766e-01
157,"BROOKLYN",1.9000000000000000e+01,20359.0000,"0 to 10,000",7.0774525481471184e-01
158,"KILLINGLY",7.0000000000000000e+01,19779.0000,"10,000 to 30,000",6.8758256274768825e-01
159,"STERLING",1.3700000000000000e+02,19679.0000,"0 to 10,000",6.8410623652923586e-01
160,"NORTH CANAAN",1.0100000000000000e+02,18971.0000,"0 to 10,000",6.5949384690259338e-01
161,"PLAINFIELD",1.1000000000000000e+02,18706.0000,"10,000 to 30,000",6.5028158242369460e-01
162,"NEW LONDON",9.5000000000000000e+01,18437.0000,"10,000 to 30,000",6.4093026489605787e-01
163,"NEW BRITAIN",9.0000000000000000e+01,18404.0000,"70,000 & Up",6.3978307724396855e-01
164,"MANSFIELD",7.9000000000000000e+01,18094.0000,"10,000 to 30,000",6.2900646596676635e-01
165,"WATERBURY",1.5200000000000000e+02,17701.0000,"70,000 & Up",6.1534450392824858e-01
166,"WINDHAM",1.6400000000000000e+02,16978.0000,"10,000 to 30,000",5.9021066536883826e-01
167,"NEW HAVEN",9.4000000000000000e+01,16393.0000,"70,000 & Up",5.6987415699089206e-01
168,"BRIDGEPORT",1.5000000000000000e+01,16306.0000,"70,000 & Up",5.6684975318083852e-01
169,"HARTFORD",6.5000000000000000e+01,13428.0000,"70,000 & Up",4.6680108461378017e-01
